id,timestamp,image_filename,description,creativity_score,originality_score,usefulness_relevance_score,clarity_score,level_of_detail_elaboration_score,feasibility_score,overall_score,creativity_reasoning,originality_reasoning,usefulness_relevance_reasoning,clarity_reasoning,level_of_detail_elaboration_reasoning,feasibility_reasoning,instructor_feedback_intro,instructor_feedback_pivot,instructor_feedback_next_step
0debb8c6-0f75-4182-8ead-c2b371e5d608,2026-03-09T11:53:12.561676,0debb8c6-0f75-4182-8ead-c2b371e5d608.png,"For your final industrial design capstone, you are tasked with conceptualizing and designing a cohesive collection of nine distinct computer tables under the theme 'The Future of Modern Work.' Rather than relying on standard office tropes, you must identify nine unique user profiles or extreme environments—ranging from high-intensity digital professionals to ultra-compact living spaces—and develop a highly specialized table for each. You have complete creative freedom over the form factor, materials, and technological integration. However, to pass this review, every single one of your nine concepts must clearly solve a specific human-factors problem, demonstrate a rigorous commitment to sustainable manufacturing, and push the boundaries of modern interior aesthetics. Please provide a sketch for all nine tables, accompanied by a text description explaining the target user and your creative rationale.",4,4,3,4,2,2,3,"The collection demonstrates strong inventiveness by tailoring nine distinct table forms to specialized user profiles and environments, integrating elements like biophilic features, modular pods, and AR setups, pushing beyond conventional desks with imaginative form factors.","Highly unique in creating a themed series for extreme users (e.g., Nomad, Deep Work Pod, Circular Economist), diverging from generic office furniture; while some echoes exist (e.g., pods resemble focus booths), the cohesive collection and aesthetic push boundaries.","Concepts address specific human-factors like mobility for nomads or collaboration for teams, relevant to modern work; however, without detailed problem-solving explanations, practical value remains conceptual rather than proven.","Sketches are visually clear with isometric views, labeled user figures, and consistent styling, making the nine concepts easy to distinguish and understand at a glance.","Rough conceptual sketches provide basic forms and user context but lack depth—no specifics on mechanisms, dimensions, materials, or integrations—leaving elaboration incomplete for a capstone.","Engineering challenges abound without material specs: e.g., Biophilic's plant integration risks moisture/structural issues; Deep Work Pod's enclosure demands ventilation/acoustics; manufacturing varies (foldable Nomad feasible in aluminum/composites, but Circular Economist's modularity unproven for sustainability). Economic viability low due to custom complexity; prototyping needed.",,,
185c7e50-9bc2-4683-8208-cd7aad421fd0,2026-03-09T12:04:49.119488,185c7e50-9bc2-4683-8208-cd7aad421fd0.png,"For your final industrial design capstone, you are tasked with conceptualizing and designing a cohesive collection of nine distinct computer tables under the theme 'The Future of Modern Work.' Rather than relying on standard office tropes, you must identify nine unique user profiles or extreme environments—ranging from high-intensity digital professionals to ultra-compact living spaces—and develop a highly specialized table for each. You have complete creative freedom over the form factor, materials, and technological integration. However, to pass this review, every single one of your nine concepts must clearly solve a specific human-factors problem, demonstrate a rigorous commitment to sustainable manufacturing, and push the boundaries of modern interior aesthetics. Please provide a sketch for all nine tables, accompanied by a text description explaining the target user and your creative rationale.",4,4,4,3,2,3,3,"The collection demonstrates high inventiveness by tailoring nine distinct table designs to unique user profiles and environments, integrating elements like biophilic features, pods, and modular tech integrations that push beyond conventional desks.","While specialized workstations exist, the specific combinations for profiles like 'Circular Economist' or 'Deep Work Pod' with aesthetic and functional twists feel fresh and distinct from mass-market office furniture.","Each design addresses human-factors issues for targeted users (e.g., compact for nomads, immersive for AR developers), enhancing ergonomics and productivity in modern work scenarios.","Sketches are visually clear with intuitive labels and human-figure scales, but the absence of accompanying text descriptions for rationales and user problems reduces full comprehension.","Conceptual sketches provide form overviews but lack depth in materials selection, structural details, joinery, or manufacturing processes; no elaboration on sustainability or engineering specs.","Basic forms (e.g., wooden frames, modular panels) suggest viable construction with common materials like FSC-certified wood or recycled metals, but complex elements like enclosed pods raise concerns for structural integrity under load, ventilation, and cost-effective sustainable scaling without prototypes or simulations.",,,
a4a3e383-a2d8-47b7-bd21-50ab4380c3cf,2026-03-09T12:08:29.305985,a4a3e383-a2d8-47b7-bd21-50ab4380c3cf.png,"For your final industrial design capstone, you are tasked with conceptualizing and designing a cohesive collection of nine distinct computer tables under the theme 'The Future of Modern Work.' Rather than relying on standard office tropes, you must identify nine unique user profiles or extreme environments—ranging from high-intensity digital professionals to ultra-compact living spaces—and develop a highly specialized table for each. You have complete creative freedom over the form factor, materials, and technological integration. However, to pass this review, every single one of your nine concepts must clearly solve a specific human-factors problem, demonstrate a rigorous commitment to sustainable manufacturing, and push the boundaries of modern interior aesthetics. Please provide a sketch for all nine tables, accompanied by a text description explaining the target user and your creative rationale.",5,5,5,4,4,4,4.5,"The design showcases a wide range of innovative concepts tailored to specific user needs and environments, demonstrating high creativity.","Each table concept is unique and distinct, addressing niche user profiles and pushing the boundaries of traditional office furniture.","The designs are highly relevant and useful, addressing specific human-factors problems and modern work challenges.","The descriptions and sketches are mostly clear, though some concepts could benefit from more detailed explanations.","The sketches and descriptions provide a good level of detail, but some areas could be further elaborated, particularly in technological integration.","While the designs are innovative, some may face challenges in manufacturing and cost-effectiveness, though they are generally feasible.",,,
6ffd70e1-6a06-45be-99dc-fba6d53cd922,2026-03-09T12:11:39.181094,6ffd70e1-6a06-45be-99dc-fba6d53cd922.png,"For your final industrial design capstone, you are tasked with conceptualizing and designing a cohesive collection of nine distinct computer tables under the theme 'The Future of Modern Work.' Rather than relying on standard office tropes, you must identify nine unique user profiles or extreme environments—ranging from high-intensity digital professionals to ultra-compact living spaces—and develop a highly specialized table for each. You have complete creative freedom over the form factor, materials, and technological integration. However, to pass this review, every single one of your nine concepts must clearly solve a specific human-factors problem, demonstrate a rigorous commitment to sustainable manufacturing, and push the boundaries of modern interior aesthetics. Please provide a sketch for all nine tables, accompanied by a text description explaining the target user and your creative rationale.",5,5,5,4,4,4,4.5,"The collection showcases a wide range of innovative concepts tailored to diverse user profiles and environments, demonstrating exceptional creativity.","Each table design is distinct and breaks away from traditional office furniture, offering unique solutions for specific needs.","The designs address specific human-factors problems and are highly relevant to modern work environments, enhancing productivity and comfort.","The descriptions and sketches effectively communicate the purpose and features of each table, though some details could be expanded for greater clarity.","The sketches and descriptions provide a solid understanding of each concept, but additional technical details could enhance the depth of the presentation.","While the designs are innovative, some may present challenges in terms of manufacturing and cost, though they are generally feasible with current technology.",,,
1b6ba875-79f3-4bd4-aad3-f1bd5a647b49,2026-03-09T12:13:56.259578,1b6ba875-79f3-4bd4-aad3-f1bd5a647b49.png,"For your final industrial design capstone, you are tasked with conceptualizing and designing a cohesive collection of nine distinct computer tables under the theme 'The Future of Modern Work.' Rather than relying on standard office tropes, you must identify nine unique user profiles or extreme environments—ranging from high-intensity digital professionals to ultra-compact living spaces—and develop a highly specialized table for each. You have complete creative freedom over the form factor, materials, and technological integration. However, to pass this review, every single one of your nine concepts must clearly solve a specific human-factors problem, demonstrate a rigorous commitment to sustainable manufacturing, and push the boundaries of modern interior aesthetics. Please provide a sketch for all nine tables, accompanied by a text description explaining the target user and your creative rationale.",5,5,5,4,4,4,4.5,"The collection showcases a wide range of innovative solutions tailored to specific user needs, demonstrating a high level of creativity in addressing diverse work environments.","Each table concept is distinct and breaks away from traditional office furniture, offering unique features and designs that cater to modern work challenges.","The designs are highly relevant to contemporary work scenarios, addressing specific human-factors problems and enhancing productivity and comfort.","The descriptions and sketches effectively communicate the purpose and features of each table, though some additional detail could enhance understanding.","The sketches and descriptions provide a solid overview, but further elaboration on materials and technological integrations would strengthen the presentation.","While the designs are innovative, some concepts may face challenges in manufacturing and cost-effectiveness, requiring further exploration of practical implementation.",,,
6071237e-90ee-49db-847a-c1c145de121a,2026-03-09T12:16:31.497009,6071237e-90ee-49db-847a-c1c145de121a.png,"For your final industrial design capstone, you are tasked with conceptualizing and designing a cohesive collection of nine distinct computer tables under the theme 'The Future of Modern Work.' Rather than relying on standard office tropes, you must identify nine unique user profiles or extreme environments—ranging from high-intensity digital professionals to ultra-compact living spaces—and develop a highly specialized table for each. You have complete creative freedom over the form factor, materials, and technological integration. However, to pass this review, every single one of your nine concepts must clearly solve a specific human-factors problem, demonstrate a rigorous commitment to sustainable manufacturing, and push the boundaries of modern interior aesthetics. Please provide a sketch for all nine tables, accompanied by a text description explaining the target user and your creative rationale.",5,5,5,4,4,4,4.5,"The design showcases a high level of creativity by addressing diverse user profiles and environments, each with unique features and functionalities.","The concept is highly original, moving beyond traditional office furniture to explore innovative solutions for modern work challenges.","Each table is tailored to specific user needs, making the collection highly relevant and practical for various modern work scenarios.","The descriptions and sketches effectively communicate the purpose and design of each table, though some details could be expanded for full clarity.","The sketches and descriptions provide a good level of detail, but additional information on materials and technology integration could enhance understanding.","While the designs are innovative, some concepts may face challenges in manufacturing and cost-effectiveness, requiring further exploration.",,,
3992feaa-722d-4eb5-acf2-cecf2dacadcc,2026-03-09T12:18:57.712165,3992feaa-722d-4eb5-acf2-cecf2dacadcc.png,"For your final industrial design capstone, you are tasked with conceptualizing and designing a cohesive collection of nine distinct computer tables under the theme 'The Future of Modern Work.' Rather than relying on standard office tropes, you must identify nine unique user profiles or extreme environments—ranging from high-intensity digital professionals to ultra-compact living spaces—and develop a highly specialized table for each. You have complete creative freedom over the form factor, materials, and technological integration. However, to pass this review, every single one of your nine concepts must clearly solve a specific human-factors problem, demonstrate a rigorous commitment to sustainable manufacturing, and push the boundaries of modern interior aesthetics. Please provide a sketch for all nine tables, accompanied by a text description explaining the target user and your creative rationale.",5,5,5,4,4,4,4.5,"The design showcases a high level of creativity by addressing diverse user profiles and environments, each with unique features and functionalities.","The concept is highly original, offering innovative solutions tailored to specific needs, such as 'The Nomad' for mobility and 'The Biophilic' for wellness.","Each table is designed with a clear purpose, addressing specific human-factors problems and enhancing the modern work experience.","The sketches and descriptions effectively communicate the intended use and features of each table, though some details could be expanded for full clarity.","The designs are well-elaborated with thoughtful integration of technology and materials, but additional technical specifications could enhance understanding.","The designs appear technically feasible with current technology, though some concepts may require advanced manufacturing techniques.",,,
22d12f97-514c-4325-a6ec-1896db131291,2026-03-09T12:27:08.414825,22d12f97-514c-4325-a6ec-1896db131291.png,"For your final project, please design a collection of nine unique computer chairs based on the theme 'The Future of Modern Work.' Instead of making standard office chairs, create a highly specialized chair for nine different types of users or workspaces—like a mobile worker or someone living in a tiny apartment. Each chair must solve a specific ergonomic problem, use sustainable materials, and feature a modern aesthetic.",4,4,3,3,3,2,3.17,"The designs exhibit a high level of creativity, with each chair having a distinct and imaginative form that challenges conventional office chair designs.","The chairs are original in their approach to addressing specific user needs and workspaces, moving away from traditional designs.","While the designs are innovative, some may prioritize aesthetics over practicality, potentially impacting their ergonomic effectiveness.","The sketches communicate the unique concepts well, but additional details on functionality and user interaction would enhance understanding.","The visual details are intriguing, yet the descriptions lack depth regarding materials and specific ergonomic solutions.",The feasibility of producing these designs with sustainable materials and ensuring ergonomic benefits is uncertain without further technical details.,,,
94be898c-714b-4bb4-a748-3cdbc2887aa9,2026-03-09T12:31:16.269309,94be898c-714b-4bb4-a748-3cdbc2887aa9.png,"For your final project, please design a collection of nine unique computer chairs based on the theme 'The Future of Modern Work.' Instead of making standard office chairs, create a highly specialized chair for nine different types of users or workspaces—like a mobile worker or someone living in a tiny apartment. Each chair must solve a specific ergonomic problem, use sustainable materials, and feature a modern aesthetic.",5,5,5,4,4,4,4.5,"The design concept is highly inventive, offering a diverse range of chairs tailored to specific modern work scenarios. Each chair addresses unique ergonomic challenges and integrates advanced features.","The collection stands out with its distinct approach to different work environments and user needs, showcasing a fresh perspective on office furniture design.","Each chair is designed with a clear purpose, addressing specific ergonomic and spatial challenges, making them highly relevant to modern workspaces.","The design descriptions are mostly clear, but some elements could benefit from additional explanation to fully convey their functionality.","The sketches and descriptions provide a good level of detail, but further elaboration on materials and specific ergonomic benefits would enhance understanding.","While the designs are innovative, some concepts may face challenges in production and cost-effectiveness, particularly those with advanced technology integrations.",,,
42003fdc-79e8-4adb-b8bb-68aac3cc05fd,2026-03-09T12:37:06.949272,42003fdc-79e8-4adb-b8bb-68aac3cc05fd.png,"For your final industrial design capstone, you are tasked with conceptualizing and designing a cohesive collection of nine distinct computer tables under the theme 'The Future of Modern Work.' Rather than relying on standard office tropes, you must identify nine unique user profiles or extreme environments—ranging from high-intensity digital professionals to ultra-compact living spaces—and develop a highly specialized table for each. You have complete creative freedom over the form factor, materials, and technological integration. However, to pass this review, every single one of your nine concepts must clearly solve a specific human-factors problem, demonstrate a rigorous commitment to sustainable manufacturing, and push the boundaries of modern interior aesthetics. Please provide a sketch for all nine tables, accompanied by a text description explaining the target user and your creative rationale.",5,5,5,4,4,4,4.5,The design showcases a high level of creativity by addressing diverse user profiles and environments with unique solutions.,"Each table concept is distinct and tailored to specific needs, demonstrating originality in both form and function.","The tables are highly relevant to modern work environments, addressing specific human-factors problems effectively.","The descriptions are mostly clear, but some concepts could benefit from more detailed explanations of their features.","The sketches and descriptions provide a good level of detail, though some technical aspects could be further elaborated.","While the designs are innovative, some may face challenges in sustainable manufacturing and technological integration.",,,
bb3da371-31cd-4af5-bbc9-6d6bfcb1e4f7,2026-03-09T12:40:48.762070,bb3da371-31cd-4af5-bbc9-6d6bfcb1e4f7.png,"For your final industrial design capstone, you are tasked with conceptualizing and designing a cohesive collection of nine distinct computer tables under the theme 'The Future of Modern Work.' Rather than relying on standard office tropes, you must identify nine unique user profiles or extreme environments—ranging from high-intensity digital professionals to ultra-compact living spaces—and develop a highly specialized table for each. You have complete creative freedom over the form factor, materials, and technological integration. However, to pass this review, every single one of your nine concepts must clearly solve a specific human-factors problem, demonstrate a rigorous commitment to sustainable manufacturing, and push the boundaries of modern interior aesthetics. Please provide a sketch for all nine tables, accompanied by a text description explaining the target user and your creative rationale.",5,5,5,4,4,4,4.5,"The design showcases a high level of creativity by addressing diverse user profiles and environments, each with unique features and functionalities.","The concept is highly original, moving beyond traditional office furniture to create specialized solutions for modern work challenges.","Each table is tailored to specific user needs, making the collection highly relevant and useful for various modern work scenarios.","The descriptions and sketches are mostly clear, though some technical details could be expanded for better understanding.","The designs are well-elaborated with sketches and descriptions, but additional details on materials and technology integration would enhance understanding.","While the designs are innovative, some concepts may face challenges in manufacturing and cost-effectiveness, particularly those with advanced technology integration.",,,
5db7d7fb-5527-4414-b37d-de4a01485817,2026-03-09T12:46:21.242666,5db7d7fb-5527-4414-b37d-de4a01485817.png,"For your final industrial design project, please conceptualize and design a cohesive collection of nine distinct wallets under the theme 'The Future of Modern Work Wallets.' Rather than relying on standard tropes, you must identify nine unique user profiles or extreme environments—ranging from high-intensity digital professionals to ultra-compact living spaces—and develop a highly specialized wallet for each. Every one of your nine concepts must clearly solve a specific human-factors problem (like security, technical integration, or accessibility), demonstrate a rigorous commitment to sustainable manufacturing, and push the boundaries of modern product aesthetics. Please provide a sketch for all nine wallets, accompanied by a brief text explanation for each.",5,5,5,4,4,4,4.5,"The design concept showcases a high level of creativity by addressing diverse user profiles and environments, each with unique challenges and solutions.","The concept is highly original, as it moves beyond traditional wallet designs to incorporate futuristic elements and specific user needs.","Each wallet is tailored to solve specific human-factors problems, making the designs highly relevant and useful for their intended users.","The sketches and descriptions are mostly clear, though some technical details could be expanded for better understanding.","The designs are well-elaborated with thoughtful details, but additional information on manufacturing processes could enhance understanding.","While the designs are innovative, some technical and economic aspects, such as material sourcing and cost, need further exploration to ensure feasibility.",,,
30136682-292c-4f1c-b5e9-499d7f382c70,2026-03-09T12:48:46.966868,30136682-292c-4f1c-b5e9-499d7f382c70.png,"For your final industrial design project, please conceptualize and design a cohesive collection of nine distinct wallets under the theme 'The Future of Modern Work Wallets.' Rather than relying on standard tropes, you must identify nine unique user profiles or extreme environments—ranging from high-intensity digital professionals to ultra-compact living spaces—and develop a highly specialized wallet for each. Every one of your nine concepts must clearly solve a specific human-factors problem (like security, technical integration, or accessibility), demonstrate a rigorous commitment to sustainable manufacturing, and push the boundaries of modern product aesthetics. Please provide a sketch for all nine wallets.",5,5,5,4,4,4,27,The concept of designing wallets for distinct user profiles and extreme environments is highly inventive and pushes the boundaries of traditional wallet design.,"Each wallet addresses unique user needs and environments, showcasing a fresh approach to solving specific human-factors problems.","The designs are highly relevant to modern work scenarios, addressing issues like security, technical integration, and accessibility effectively.","The sketches and descriptions are mostly clear, though some technical details could be expanded for better understanding.","The project provides a good level of detail, but further elaboration on manufacturing processes and material sourcing would enhance the depth.","While the designs are innovative, the feasibility of integrating advanced technologies and sustainable materials needs more exploration.",,,
8ad32f21-5bec-45c5-85dd-aea22aafbbad,2026-03-09T13:07:29.984743,8ad32f21-5bec-45c5-85dd-aea22aafbbad.png,"You said
For your final industrial design project, please conceptualize and design a cohesive collection of nine distinct wallets under the theme 'The Future of Modern Work Wallets.' Rather than relying on standard tropes, you must identify nine unique user profiles or extreme environments—ranging from high-intensity digital professionals to ultra-compact living spaces—and develop a highly specialized wallet for each. Every one of your nine concepts must clearly solve a specific human-factors problem (like security, technical integration, or accessibility), demonstrate a rigorous commitment to sustainable manufacturing, and push the boundaries of modern product aesthetics.",4.5,4.5,4.5,3.5,3.0,3.0,3.75,"The design concept is highly inventive, with a focus on tailoring wallets to specific user profiles and extreme environments. It incorporates speculative elements like biometric security and AR integration, demonstrating inventive problem-solving for modern work challenges.","The wallets are distinct from generic designs, targeting unique user profiles and environments with specialized features like modular stacks and bio-secure interfaces, offering solutions not commonly found in existing products.","The designs are highly relevant to the 'Future of Modern Work' theme, addressing specific human-factors issues with practical value for specialized users, such as accessibility, security, and compactness.","While the sketchboard layout effectively communicates the concepts, some technical details and functionalities are harder to grasp due to rough visuals and lack of explanatory text.","The concepts are visually presented but lack detailed elaboration on mechanisms, user interactions, and sustainability commitments, leaving core requirements underdeveloped.","The designs show promise but require more specifics on sustainable materials, manufacturing processes, and environmental impact assessments, as advanced features raise technical and economic hurdles.",You've launched a visionary fleet of wallets perfectly attuned to tomorrow's workforce—bravo for that thematic precision!,"Consider providing more technical details to enhance clarity and feasibility, particularly regarding material sourcing, manufacturing processes, and sustainability impacts.","Select your top three concepts and draft 200-word descriptions per wallet detailing sustainable materials, manufacturing feasibility, and quantified environmental benefits, then refine sketches with annotations."
9e30a015-0352-4f7d-b25a-b29ed3dd169c,2026-03-09T14:06:31.982994,9e30a015-0352-4f7d-b25a-b29ed3dd169c.jpg,Sketch up nine chairs that are practical and good for a living room. These should be novel chairs,2.0,1.5,3.5,3.5,2.0,3.5,2.5,"The designs exhibit a range of styles, suggesting some creative exploration, but they largely adhere to conventional forms without significant innovation or material experimentation.","While the designs include a variety of traditional styles, they lack distinct or novel elements that set them apart from existing furniture, resulting in limited originality.","The chairs are practical for living room use, offering functional seating options, but they fall short of the prompt's emphasis on innovative design due to their conventional nature.","The sketches are clear and effectively convey the basic forms and proportions of the chairs, though they would benefit from more detailed descriptions to enhance understanding.","The sketches provide a basic visual idea but lack detailed information on construction, materials, and sustainability, which limits the depth of understanding.","The designs appear feasible with standard materials and techniques, but the absence of specific material details hinders a comprehensive assessment of their practicality and sustainability.","Your designs are a classic collection with room for innovation! While your sketches demonstrate a solid grasp of traditional chair forms, they lack the inventive spark needed to stand out.",Focus on enhancing originality by moving beyond conventional styles and exploring innovative materials and features that could redefine your designs.,"Select your top three chair designs and annotate them with sustainable materials, such as 'mycelium-based foam' or 'upcycled ocean plastic legs,' and calculate their rough embodied carbon footprints for a more contemporary and eco-friendly approach."
271217ff-0656-491d-bcf0-628982ee4796,2026-03-09T14:15:26.145823,271217ff-0656-491d-bcf0-628982ee4796.png,Design at least 9 ergonomic computer tables that can be places in your office and at work,5.0,4.5,5.0,4.0,3.5,4.0,4.25,"Both experts agree that the designs are exceptionally inventive, showcasing a wide range of innovative concepts tailored to specific user needs and environments. The inclusion of features like biophilic elements and modular flex spaces demonstrates a creative approach that goes beyond standard desk designs.","The designs are highly unique, particularly in their persona-driven specialization and distinct forms. However, some elements, such as adjustable heights and collaborative tables, are noted to echo existing ergonomic trends, slightly impacting the originality score.","The designs are perfectly aligned with the needs of modern workspaces, optimizing posture, workflow, and collaboration. They are highly relevant for diverse ergonomic requirements in office settings, making them applicable to real-world scenarios.","The visual representations, including isometric sketches and contextual renders, are clear and help convey the concepts effectively. However, both experts note that additional textual descriptions could enhance understanding, as some details are left to interpretation.","While the conceptual sketches provide a good overview of form and key features, both experts highlight a lack of specifics on materials, dimensions, and structural details. This limits the depth of elaboration and understanding of the designs.","Most designs are considered structurally sound and economically viable, though some complex concepts may require advanced technology and prototyping to ensure stability and cost-effectiveness. Both experts suggest that feasibility could be improved with more detailed specifications.","You've unleashed a 'Desk Dynasty' of innovation! This collection brilliantly captures a spectrum of ergonomic needs, from solo deep focus to collaborative buzz, with strong visual storytelling that showcases progress in ideation and user-centered thinking—ideal for an office ecosystem.","Consider providing more detailed specifications, such as dimensions and material sourcing, to enhance clarity and feasibility. Dial back on quantity for breadth and zoom into structural integrity and aesthetic materiality to avoid generic sketches.","Select your top 3 designs (e.g., Biophilic, Deep Work Pod, Flex Space), create detailed orthographic views with material specs, joint details, and ergonomic measurements, then mock up a simple prototype using foam board."
b9be12cb-0ae2-4512-86cb-6cb29443d852,2026-03-09T14:21:11.351674,b9be12cb-0ae2-4512-86cb-6cb29443d852.png,Design a bunch of practical living room chairs,5.0,4.5,2.0,4.0,3.5,2.5,3.5,"Both experts agree that the designs are highly creative, showcasing bold and futuristic concepts that push the boundaries of traditional chair design. The inventive forms, such as enclosed pods and suspended arcs, highlight a strong imaginative approach.","The designs are distinct and draw on futuristic aesthetics, with influences from concept art. While they are unique, some elements like spherical chairs are not entirely novel, as they exist in high-end design.","The designs prioritize aesthetics over practicality, resulting in low practical value for everyday use. Issues such as lack of comfort and accessibility, particularly for elderly or disabled users, limit their usefulness in typical living room settings.","The sketches are clear and effectively convey the innovative concepts within a futuristic theme. However, they lack specifics on functionality and could benefit from additional context or explanation.","The sketches provide a good level of detail on forms and materials, but further elaboration on dimensions, ergonomics, and functionality would enhance understanding and usability.","Producing these designs poses technical challenges due to complex forms and material requirements. While feasible for luxury markets, they are not practical for mass production, requiring advanced engineering and materials.","You're rocketing into a cyberpunk living room—stylish and visionary! The designs are bold and imaginative, capturing a futuristic aesthetic that stands out.",Consider balancing innovation with practicality to ensure these designs can be comfortably integrated into everyday living spaces. Shift from aesthetic novelty to human-centered ergonomics to enhance comfort and accessibility.,"Pick the arc-suspended chair, redesign it with adjustable lumbar support, armrests, and a stable base with ramp access, then annotate a cross-section sketch showing body pressure mapping."
303f1a6f-96b0-401d-93e6-d61b76faecc1,2026-03-09T14:50:26.820221,303f1a6f-96b0-401d-93e6-d61b76faecc1.png,Design some futuristic wallets.,4.5,4.5,4.5,4.0,3.5,3.5,4.25,"The designs are highly inventive, showcasing a range of futuristic features such as biometric locks and adaptive compartments, tailored to specific user needs and professions. This demonstrates a strong understanding of how to integrate smart materials into everyday items, pushing the boundaries of traditional wallet designs.","The concepts are distinct and original, introducing unique elements like conductive polymers and DNA-locked nanomaterials. This user-centric diversification across different professions sets these designs apart from conventional wallets, offering innovative solutions tailored to specific needs.","The designs are highly relevant and practical, addressing real-world issues such as data security and environmental sustainability. By tailoring features to specific professions, the wallets enhance accessibility, security, and portability, making them highly useful.","The descriptions and illustrations are generally clear, with labeled archetypes and visual cues aiding understanding. However, some technical details could be expanded to better convey the functionality and implications of the advanced materials used.","While the sketches provide a solid foundation, there is a lack of explicit material specifications, limiting the depth of understanding regarding functionality and durability. More detailed information on the smart materials and their applications would enhance the overall elaboration.","The concepts are moderately viable, leveraging emerging smart materials that are prototypable today. However, the integration of these advanced technologies and economic scaling for multiple variants present significant challenges that need to be addressed.","You've struck futuristic gold with your innovative wallet designs! These concepts showcase impressive creativity and originality, moving beyond traditional designs to incorporate smart materials and user-specific features.",Consider shifting focus from broad visual concepts to a deeper exploration of the materials used. Providing specific details about the smart materials and their properties will ground your designs in reality and enhance their feasibility.,"Select your top concept and create a detailed material cross-section, describing three smart materials and their benefits. Use resources like the NIST smart material databases to support your research and development."
1e4466ca-5f88-4d33-9d90-c637670a9291,2026-03-09T15:05:58.372598,1e4466ca-5f88-4d33-9d90-c637670a9291.png,Design retro chairs,1.0,1.5,0.0,1.0,2.0,0.5,1.0,"While the submission demonstrates creativity in the context of futuristic wallet designs, it lacks any inventive exploration related to retro chair design. The focus on wallets, rather than chairs, misdirects the creative effort away from the intended task.","The wallet concepts are original and incorporate unique features like bio-security and AR integration, but they do not relate to retro chair design. Thus, the originality in the context of the assignment is not applicable.","The submission is entirely irrelevant to the task of designing retro chairs, offering no practical value or focus on chair functionality, user comfort, or retro aesthetics.","There is a clear mismatch between the stated intent to design retro chairs and the actual content focused on wallets, leading to confusion and lack of clarity in the context of the assignment.","The submission includes detailed annotations and descriptions for wallet concepts, but lacks any elaboration on chair design elements, materials, or sustainability, which are crucial for the task at hand.","While the wallet designs appear technically feasible, there is no basis to assess the feasibility of a retro chair design due to the absence of any relevant chair-related materials or construction details.","Houston, we've got a category error! Your vibrant sketchboard showcases impressive ideation and visualization prowess, but it's launched into the wrong orbit for our retro chair brief.",Where we need to pivot: Ditch the wallet universe and zero in on retro chair anatomy—avoid off-topic submissions that dilute focus on sustainable furniture materials.,"Your Next Step: Sketch a single retro chair concept (e.g., mid-century modern vibe), specify 2-3 sustainable materials (like FSC-certified wood or recycled aluminum frames), justify their eco-impact, and include a simple materials sourcing diagram."
5fb05f1c-c871-4bc8-907f-7a2ff346281d,2026-03-09T15:18:21.035356,5fb05f1c-c871-4bc8-907f-7a2ff346281d.png,Please design 9 different examples of futuristic yet practical wallets.,5.0,4.5,5.0,4.5,4.0,4.0,16.5,"Both experts agree that the designs are exceptionally inventive, showcasing a wide range of innovative concepts that blend advanced technology with sustainable materials, tailored to specific user needs and professions.","The designs are praised for their unique persona-driven approach, differentiating them from generic products, though some elements like RFID and biometrics are noted to echo existing solutions.","The designs are highly practical and relevant, addressing real-world issues such as security and accessibility, and enhancing daily functionality with targeted technological solutions.","While the visual communication is strong, clearly conveying core ideas and user contexts, there is a noted lack of accompanying text to fully explain the technological mechanisms or interactions.","The designs are visually well-elaborated, but both experts note a lack of depth in detailing tech stacks, materials, or operational flows, leaving some functionality surface-level.","The designs are largely feasible with current technology, though some advanced integrations may face challenges in material sourcing and scaling, particularly for premium markets.","You've struck gold in the user-centric wallet revolution! The designs are both futuristic and practical, addressing specific user needs with innovative solutions.","Consider exploring the cost implications and potential manufacturing challenges for some of the more technologically advanced designs, and shift from high-level sketches to granular tech specs.","Pick your top 3 concepts and create detailed functional block diagrams with tech integrations/BOM, then build a low-fidelity digital prototype in Figma or similar for one."
f6cab123-f5c9-4a06-b726-d2603e535644,2026-03-09T15:23:29.750375,f6cab123-f5c9-4a06-b726-d2603e535644.png,Please create some futuristic yet practical wallets,5.0,4.5,4.5,4.0,3.5,3.5,4.25,"Both experts commend the designs for their inventive and user-centric approach, highlighting features like biometric locks, modular AR interfaces, and the use of adaptive nanomaterials. The concepts are praised for reimagining wallets as multifunctional tech hubs, showcasing a high level of creativity.","The designs are recognized for their unique approach, integrating cutting-edge technology and sustainable materials. While they stand out with profession-specific innovations, there are some echoes of existing smart wallet trends, suggesting room for further differentiation.","The designs are highly relevant, addressing real-world problems like data security and environmental impact. They are practical for future-of-work scenarios, enhancing everyday utility in professional contexts with innovative materials and features.","The sketches and descriptions are generally clear, effectively conveying the purpose and form of each concept. However, both experts note that finer material details could be more explicit to enhance understanding.","While the concepts are well-elaborated with visual and textual details, there is a noted lack of in-depth specifications on materials and technical aspects. This limits the depth of elaboration and could be improved with more detailed technical information.","The designs are innovative and technically viable in the short term, but economic challenges due to high R&D costs and production complexities are noted. Prototypes are feasible in the long term, but more detailed feasibility analysis is needed.","You're striking 'future-proof gold' with these profession-tuned wallet designs! The concepts are inventive, blending technology and sustainability to create adaptive, material-smart companions.",Consider diving deeper into specific material science and quantifying sustainability metrics to enhance feasibility and clarity. Avoid generic labels and specify materials to elevate your designs.,"Select your top three concepts and research real-world sustainable materials, then iterate with refined sketches and a 1-page material spec sheet per design."
11539731-a34c-42e7-b4a5-b43d921c4ebb,2026-03-09T16:19:57.789622,11539731-a34c-42e7-b4a5-b43d921c4ebb.png,Wallets,4.5,4.0,4.0,4.0,3.0,3.0,3.75,"The designs creatively reimagine wallets as personalized tools for various professions, integrating technology and sustainability. They showcase innovative solutions tailored to specific user needs, though some concepts build on existing trends.","The concepts are distinct and address unique user scenarios, adding originality by tailoring designs to specific professions. However, they also draw on familiar modular and tech-integrated trends, which slightly limits their uniqueness.","The designs are relevant to modern challenges and address practical needs for various professions. However, the lack of material specifics limits the evaluation of their real-world applicability across diverse environments.","The visual and textual descriptions are mostly clear, with well-labeled sketches and personas. However, some technical details could be expanded for better understanding and to enhance the overall clarity.","While the concepts are visually represented, they lack detailed technical specifications and material choices. This underdevelopment leaves core aspects like durability and eco-impact insufficiently elaborated.","The designs are innovative but lack material choices and sustainability analysis, making technical and economic implementation uncertain. Further exploration of advanced technologies and materials is needed to assess feasibility.","Nine wallets, nine futures – your portfolio bursts with user-centric energy! You've made strong progress in generating a diverse set of profession-tailored concepts, effectively capturing the 'future of work' theme.","Shift from broad ideation to deep material selection – avoid generic sketches and prioritize specifics on material properties, sourcing, environmental impact, and lifecycle sustainability for at least 2-3 concepts.","Pick your top three concepts (e.g., Field Technician, Remote Wildlife Researcher, Circular Economy Advocate), research and specify sustainable materials, and create annotated sketches with material callouts, cost estimates, and a basic sustainability scorecard."
10faa333-10f1-4e62-a6f7-1cb65eaebf2b,2026-03-23T11:07:36.498019,10faa333-10f1-4e62-a6f7-1cb65eaebf2b.png,"Create a detailed pencil sketch-style illustration of an inclusive playground designed specifically for children with special needs, suitable for an art class. The drawing should resemble a hand-drawn sketch using only graphite, with visible strokes, shading, and texture, avoiding any use of color. The playground must incorporate accessibility and inclusivity features such as wheelchair-accessible ramps connecting different play areas, ground-level play equipment, adaptive swings with supportive seating, sensory play zones with interactive and tactile elements, wide and smooth pathways for mobility aids, quiet or calming spaces for children with sensory sensitivities, inclusive roundabouts flush with the ground, and Braille or tactile signage. The environment should also include natural and welcoming elements like trees, benches, and shaded seating areas for caregivers, with a well-organized layout that allows easy navigation for children with diverse physical and cognitive abilities. The final illustration should clearly communicate thoughtful design through composition, shading, and fine line work, reflecting both artistic quality and a strong emphasis on accessibility and inclusivity.",3.5,3.0,5.0,4.5,4.5,4.5,15.5,"The design creatively integrates accessibility features into a cohesive playground environment, with thoughtful consideration of diverse needs. However, it relies on familiar elements without highly inventive twists, limiting breakthrough ingenuity.","While the design includes a unique artistic presentation, it draws heavily from established inclusive playground norms, offering little distinction from widespread solutions and lacking unique elements tailored to underrepresented experiences.","The playground is exceptionally relevant and useful, addressing the needs of children with various disabilities through well-thought-out features that support physical, sensory, cognitive, and social-emotional development.","The illustration clearly communicates the design intent with detailed elements and a well-organized layout, though minor ambiguities in unlabeled elements slightly reduce immediate grasp.","The design includes comprehensive details and textured visualization, supporting sensory and motor experiences, but could expand on specific tactile interactions or age-specific adaptations.","The design is largely feasible with elements that are technically straightforward and cost-effective, though some may require careful planning and resources to implement effectively.","You're nailing the 'Inclusive Oasis' vibe! This design shows strong progress in prioritizing accessibility, effectively supporting physical mobility, sensory exploration, and emotional safety for special needs children.",Avoid over-relying on generic features; infuse more novel sensory elements like textured sound panels or adaptive musical instruments to spark cognitive creativity without complicating feasibility.,"Refine the sketch by adding 2-3 unique, labeled sensory details (e.g., vibration feedback swings) and annotate how they target specific developmental milestones, then resubmit for iteration."
0390548e-1262-48e2-8609-62c784139be3,2026-03-23T11:22:07.839190,0390548e-1262-48e2-8609-62c784139be3.png,"Create a detailed pencil sketch-style illustration of an inclusive playground designed specifically for children with special needs, suitable for an art class. The drawing should resemble a hand-drawn sketch using only graphite, with visible strokes, shading, and texture, avoiding any use of color. The playground must incorporate accessibility and inclusivity features such as wheelchair-accessible ramps connecting different play areas, ground-level play equipment, adaptive swings with supportive seating, sensory play zones with interactive and tactile elements, wide and smooth pathways for mobility aids, quiet or calming spaces for children with sensory sensitivities, inclusive roundabouts flush with the ground, and Braille or tactile signage. The environment should also include natural and welcoming elements like trees, benches, and shaded seating areas for caregivers, with a well-organized layout that allows easy navigation for children with diverse physical and cognitive abilities. The final illustration should clearly communicate thoughtful design through composition, shading, and fine line work, reflecting both artistic quality and a strong emphasis on accessibility and inclusivity.",4.5,3.5,5.0,5.0,4.5,4.5,4.5,"The design creatively integrates inclusive features such as sensory zones and adaptive equipment, using natural elements to create a welcoming environment. While it builds on familiar inclusive concepts, the artistic pencil sketch style adds a unique visual flair.","The playground's focus on inclusivity is commendable, though it aligns with established trends. The combination of features like flush roundabouts and tactile signage offers some distinctiveness, yet it lacks groundbreaking novelty.","The playground is highly relevant and useful, addressing the needs of children with diverse abilities through thoughtful design features like ramps, adaptive swings, and sensory zones, enhancing accessibility and play equity.","The illustration clearly communicates the design intent with well-defined elements and a logical layout, making the inclusive features immediately understandable, even without detailed text.","The sketch is rich in detail, with visible strokes and shading that highlight each component. While comprehensive, some safety specifics like surfacing materials are implied rather than explicitly detailed.","The design is technically feasible and economically viable, using standard materials compliant with accessibility standards. Some elements may require careful planning to ensure effective real-world implementation.",You've hit the 'Inclusive Innovation Sweet Spot'! Your playground design beautifully balances artistic expression with practical inclusivity.,"Consider exploring additional innovative elements that could further distinguish your design from existing solutions, and emphasize safety-engineered features to avoid potential hazards.",Revise the sketch by adding annotations for safety surfacing and simulate child navigation flows with dotted paths to highlight intuitive routing.
c6880767-79aa-4ede-ac52-82b0196210b0,2026-03-23T11:24:46.844892,c6880767-79aa-4ede-ac52-82b0196210b0.png,"Create a detailed pencil sketch-style illustration of an inclusive playground designed specifically for children with special needs, suitable for an art class. The drawing should resemble a hand-drawn sketch using only graphite, with visible strokes, shading, and texture, avoiding any use of color. The playground must incorporate accessibility and inclusivity features such as wheelchair-accessible ramps connecting different play areas, ground-level play equipment, adaptive swings with supportive seating, sensory play zones with interactive and tactile elements, wide and smooth pathways for mobility aids, quiet or calming spaces for children with sensory sensitivities, inclusive roundabouts flush with the ground, and Braille or tactile signage. The environment should also include natural and welcoming elements like trees, benches, and shaded seating areas for caregivers, with a well-organized layout that allows easy navigation for children with diverse physical and cognitive abilities. The final illustration should clearly communicate thoughtful design through composition, shading, and fine line work, reflecting both artistic quality and a strong emphasis on accessibility and inclusivity.",4.0,3.5,5.0,5.0,4.5,4.0,4.34,"Both experts commend the design for its creative integration of accessibility features with natural elements, such as trees and open paths, which enhance the playground's inclusivity and inventiveness. The thoughtful layout and use of natural elements contribute to a cohesive and imaginative environment.","The design is recognized for its unique artistic execution and the inclusion of a 'calming space,' though it is noted that many features are common in inclusive playgrounds. The combination of these elements offers a fresh perspective, albeit within familiar frameworks.","The playground is highly relevant and practical, effectively addressing the needs of children with diverse abilities. Features like wide pathways, ground-level equipment, and shaded areas enhance usability for both children and caregivers, ensuring comprehensive inclusivity.","The design is clearly communicated through a detailed pencil sketch, with all key elements such as ramps, swings, and sensory zones being easily identifiable. The isometric view aids in understanding spatial flow and navigation paths, ensuring clarity in design intent.","The sketch is rich in detail, with well-defined elements like adaptive swings and sensory zones. However, there is room for further elaboration on specific natural features, such as tree species or bench materials, to enhance landscape depth.","The design is technically feasible and economically viable, using standard materials and native trees. While the layout supports easy construction, some site-specific adjustments may be necessary to accommodate terrain variations.","You've struck a harmonious chord in inclusive landscapes! Your playground design beautifully balances artistic expression with functional inclusivity, creating a navigable oasis that prioritizes fluid movement and sensory awareness.","Consider exploring additional innovative elements that could further enhance the sensory experience, and dial back on repetitive fencing elements that might fragment openness.","Sketch a revised layout incorporating varied native plantings around benches for microclimates, and annotate pathway widths to enhance navigation feasibility—aim for submission in 48 hours."
1a1f3625-9ea3-489a-b6b0-44e6386ec5fd,2026-03-23T11:30:41.480241,1a1f3625-9ea3-489a-b6b0-44e6386ec5fd.png,"Create a detailed pencil sketch-style illustration of an inclusive playground designed specifically for children with special needs, suitable for an art class. The drawing should resemble a hand-drawn sketch using only graphite, with visible strokes, shading, and texture, avoiding any use of color. The playground must incorporate accessibility and inclusivity features such as wheelchair-accessible ramps connecting different play areas, ground-level play equipment, adaptive swings with supportive seating, sensory play zones with interactive and tactile elements, wide and smooth pathways for mobility aids, quiet or calming spaces for children with sensory sensitivities, inclusive roundabouts flush with the ground, and Braille or tactile signage. The environment should also include natural and welcoming elements like trees, benches, and shaded seating areas for caregivers, with a well-organized layout that allows easy navigation for children with diverse physical and cognitive abilities. The final illustration should clearly communicate thoughtful design through composition, shading, and fine line work, reflecting both artistic quality and a strong emphasis on accessibility and inclusivity.",4.3,3.3,5.0,4.7,4.3,4.3,4.33,"The design is creatively executed, integrating inclusive elements into a cohesive playground environment. The use of natural elements and spatial zoning adds an inventive touch, though the overall concept remains within established norms for inclusive playgrounds.","While the design incorporates well-known accessibility features, its artistic representation and spatial arrangement offer a fresh perspective. However, it does not introduce groundbreaking concepts beyond current best practices.","The playground is highly relevant and useful, effectively addressing the needs of children with various disabilities. It includes essential features like adaptive swings, sensory zones, and wide pathways, ensuring accessibility and safety.","The design is clearly communicated through well-organized sketches and labels, making the spatial relationships and accessibility features easy to understand. Additional labeling could further enhance clarity.","The sketch is detailed, showing careful attention to accessibility features and spatial organization. While it effectively conveys the design, more elaboration on specific sensory elements could enhance immersion.","The design is largely feasible, using standard, cost-effective elements that are practical for implementation. Some artistic liberties may require adjustments, but overall, the layout is realistic and adheres to accessibility guidelines.",You've crafted a playground paradise that balances creativity with practicality! The design shines in its thoughtful integration of accessibility features and natural elements.,Consider enhancing the sensory zones with more specific textures and interactive elements to deepen the sensory experience for children with diverse needs.,"Develop a detailed plan for one specific zone, such as the sensory area, focusing on interactive elements and textures that cater to children with autism, visual impairments, and motor disabilities."
94b158d0-62da-48f6-8473-06681b2a3922,2026-03-23T12:04:16.765430,94b158d0-62da-48f6-8473-06681b2a3922.png,"Create a detailed pencil sketch-style illustration of an inclusive playground designed specifically for children with special needs, suitable for an art class. The drawing should resemble a hand-drawn sketch using only graphite, with visible strokes, shading, and texture, avoiding any use of color. The playground must incorporate accessibility and inclusivity features such as wheelchair-accessible ramps connecting different play areas, ground-level play equipment, adaptive swings with supportive seating, sensory play zones with interactive and tactile elements, wide and smooth pathways for mobility aids, quiet or calming spaces for children with sensory sensitivities, inclusive roundabouts flush with the ground, and Braille or tactile signage. The environment should also include natural and welcoming elements like trees, benches, and shaded seating areas for caregivers, with a well-organized layout that allows easy navigation for children with diverse physical and cognitive abilities. The final illustration should clearly communicate thoughtful design through composition, shading, and fine line work, reflecting both artistic quality and a strong emphasis on accessibility and inclusivity.",4.2,3.3,4.9,4.6,4.4,4.3,4.28,"The design consistently demonstrates creative integration of accessibility features into a cohesive playground environment. The use of artistic techniques like shading and texture in a pencil sketch style adds an artistic flair, enhancing the overall concept and showing inventive spatial planning.","While the concept of an inclusive playground is not entirely new, the specific combination of features and artistic execution provides a fresh take. However, the individual elements are largely standard in accessible design, with some unique combinations and layouts offering mild novelty.","The playground design is highly relevant and practical, addressing the needs of children with diverse abilities. It includes essential features like wheelchair ramps, adaptive swings, and sensory zones, making it a well-thought-out solution for inclusive play.","The sketches effectively communicate the playground's layout and features, with clear spatial relationships and labeling. The use of shading and line work highlights different areas, ensuring the design is easily understood, though some smaller details could be clearer.","The design shows good attention to detail, with varied play equipment, natural elements, and thoughtful spatial organization. However, more specific details about sensory features and tactile elements could enhance the elaboration.","The design appears technically feasible with realistic playground equipment and accessibility infrastructure. While some artistic liberties may need adjustment for actual construction, the layout is practical and could be implemented with existing materials and methods.","You're crafting an inclusive playground paradise! Your design beautifully balances artistic expression with practical inclusivity, effectively integrating accessibility features into a cohesive, navigable layout.","Focus more specifically on the sensory qualities of your calming space and play zones. Consider adding more detail about specific sensory features like textured panels, musical elements, or quiet retreat spaces with defined boundaries.","Develop a detailed plan for one specific sensory zone, describing the materials, textures, and sensory experiences it would provide, and how it connects to or contrasts with adjacent active play areas."
bf5b562c-234c-44e7-bca5-adccdec9964f,2026-03-23T12:20:02.398920,bf5b562c-234c-44e7-bca5-adccdec9964f.png,"Create a detailed pencil sketch-style illustration of an inclusive playground designed specifically for children with special needs, suitable for an art class. The drawing should resemble a hand-drawn sketch using only graphite, with visible strokes, shading, and texture, avoiding any use of color. The playground must incorporate accessibility and inclusivity features such as wheelchair-accessible ramps connecting different play areas, ground-level play equipment, adaptive swings with supportive seating, sensory play zones with interactive and tactile elements, wide and smooth pathways for mobility aids, quiet or calming spaces for children with sensory sensitivities, inclusive roundabouts flush with the ground, and Braille or tactile signage. The environment should also include natural and welcoming elements like trees, benches, and shaded seating areas for caregivers, with a well-organized layout that allows easy navigation for children with diverse physical and cognitive abilities. The final illustration should clearly communicate thoughtful design through composition, shading, and fine line work, reflecting both artistic quality and a strong emphasis on accessibility and inclusivity.",4.2,3.5,5.0,4.6,4.5,4.3,4.35,"The design is praised for its creative integration of accessibility features into a cohesive playground environment. The use of artistic elements like shading and texture in a pencil sketch style adds visual appeal, while the thoughtful spatial arrangement enhances the playground's functionality.","While the concept of inclusive playgrounds is not new, the specific combination of features and artistic execution in a hand-drawn style offers a fresh perspective. However, some elements remain conventional, reflecting established standards in inclusive design.","The playground is highly relevant and useful, addressing the needs of children with diverse abilities. It includes essential features like wheelchair ramps, adaptive swings, and sensory zones, ensuring comprehensive accessibility and inclusivity.","The illustration effectively communicates the design's intent with clear delineation of zones and features. Strategic labeling and detailed line work enhance understanding, though some finer details could be more distinct.","The sketch is rich in detail, with careful attention to elements like texture, shading, and composition. While the visualization is comprehensive, additional specifics on materials and sensory elements could enhance the elaboration.","The design is largely feasible, using standard playground components and materials. While practical, some artistic elements may require adaptation for real-world construction, and careful planning is needed for site-specific considerations.","You've sketched a 'Sensory Symphony' that harmonizes accessibility with play! Your playground design beautifully balances artistic expression with functional inclusivity, creating a welcoming environment for all children.","Consider expanding the sensory play elements to include more specific cognitive engagement opportunities. Think about incorporating elements that support executive function development, social interaction skills, and graduated challenge levels that can grow with children's abilities.","Develop a detailed sensory map of your playground that identifies specific developmental goals for each zone, and consider adding elements like musical play features and interactive panels to encourage peer interaction across ability levels."
c326c636-2aed-4011-a13a-c0e80ca4f4fc,2026-03-23T12:36:36.031073,c326c636-2aed-4011-a13a-c0e80ca4f4fc.png,"Create a detailed pencil sketch-style illustration of an inclusive playground designed specifically for children with special needs, suitable for an art class. The drawing should resemble a hand-drawn sketch using only graphite, with visible strokes, shading, and texture, avoiding any use of color. The playground must incorporate accessibility and inclusivity features such as wheelchair-accessible ramps connecting different play areas, ground-level play equipment, adaptive swings with supportive seating, sensory play zones with interactive and tactile elements, wide and smooth pathways for mobility aids, quiet or calming spaces for children with sensory sensitivities, inclusive roundabouts flush with the ground, and Braille or tactile signage. The environment should also include natural and welcoming elements like trees, benches, and shaded seating areas for caregivers, with a well-organized layout that allows easy navigation for children with diverse physical and cognitive abilities. The final illustration should clearly communicate thoughtful design through composition, shading, and fine line work, reflecting both artistic quality and a strong emphasis on accessibility and inclusivity.",4.33
71a0d169-9f9a-4cee-9bdf-4fa50b53c26d,2026-03-23T14:30:47.520842,71a0d169-9f9a-4cee-9bdf-4fa50b53c26d.png,"A detailed 3/4 perspective pencil sketch illustration of a universal design ergonomic armchair. The drawing is a purely black and white graphite composition, with visible pencil strokes, cross-hatching, and subtle textures defining the forms. The chair is designed for an elderly user, emphasizing ease of ingress and egress, postural support, and intuitive controls. Features include an integrated supportive headrest, a high lumbar-supporting backrest, wide and padded armrests with controls (buttons for recline, height, and leg rest adjustment) subtly indicated with shading, an adjustable seat height and depth to facilitate standing, and a solid, stable, non-slip base detailed with texture. A person with a hand displaying limited mobility is lightly indicated near the control panel for scale. Textures like tactile fabric weaves and natural wood grain are suggested through shading. Multiple views—including front, side, and a detailed close-up of the integrated controls—are arranged harmoniously on the page. Callout labels in graphite (e.g., 'ADJUSTABLE SEAT HEIGHT', 'INTUITIVE CONTROLS', 'LUMBAR SUPPORT') point to features. Shading defines form and material transitions, reflecting thoughtful design and artistic quality. No color",4.35
f15f66ce-6db4-4b74-8307-501722585869,2026-03-23T14:34:59.030169,f15f66ce-6db4-4b74-8307-501722585869.png,"A detailed technical pencil sketch illustration of an innovative, autonomous personal mobility pod designed for universal access. The style is a hand-drawn graphite drawing with varying line weights, cross-hatching, and shading to define its sleek, rounded form. It is shown in an urban street context, and also includes detailed interior callout insets on the same page. The exterior view shows a low, flush floor with an integrated extendable ramp, and wide, sliding, transparent doors with accessible handles. Features include external communication panels displaying travel information, integrated sensory and environmental control interfaces (voice, haptic), adaptable and rotating seating with integrated wheelchair securement systems, tactile and Braille controls, and customizable sensory environments (lighting, temperature). A person in a wheelchair and people with diverse needs set scale in the street scene. Detailed Callouts with graphite labels point to: 'INTEGRATED RAMP ACCESS', 'INTUITIVE HAPTIC CONTROLS', 'ADAPTABLE INTERIOR CABIN', 'UNIVERSAL INTERFACE'. Shading defines forms, textures like carbon fiber and soft interior fabrics, and material transitions. The composition is clean and organized, conveying both innovative design and accessibility. No color.",4.58
b2b1af21-03c6-4a00-8695-d2c247e55375,2026-03-23T14:40:52.831112,b2b1af21-03c6-4a00-8695-d2c247e55375.png,"A detailed, extreme close-up pencil sketch illustration of an inclusive digital wallet and personal authentication device. The drawing is entirely composed of graphite pencil, displaying visible strokes, hatching, and textures. The compact device rests on a subtly sketched wooden surface. Key features are labeled with fine line callouts in graphite. It is designed for users with various sensory and motor abilities. Features include tactile, raised buttons with integrated Braille markings for common functions (e.g., 'BALANCE', 'PAY'), a tiny refreshable Braille pin array for reading notifications and balances, a side-mounted speaker icon for text-to-speech, and a wide slot for inserting various cards and cash. The device has a durable, textured casing (different textures define edges for touch identification) with a integrated loop for a lanyard. Shading defines forms, material textures (e.g., carbon fiber casing, rubberized buttons, smooth metal accents), and reflections. Multiple detail panels on the page show callouts of the Braille display, buttons, and card slot. Graphite labels point to features: 'TACTILE INTERFACE', 'BRAILLE NOTIFICATION PIN ARRAY', 'TEXT-TO-SPEECH SPEAKER', 'ROBUST CASING'. No color.",4.5
88b23cf4-4137-468a-8580-76fcaeb843b0,2026-03-23T14:45:43.041908,88b23cf4-4137-468a-8580-76fcaeb843b0.png,"A detailed interior perspective pencil sketch illustration of a highly-efficient, accessible kitchen within a compact micro-apartment. The drawing is a black and white graphite composition with visible line work, cross-hatching, and textures. It features universal design elements tailored for a wheelchair user and restricted space. Elements include variable-height counter sections, pull-down mechanisms for upper cabinet shelves with detailed callout insets, an eye-level accessible oven and microwave unit with large controls, a shallow-depth sink with clear knee space beneath for wheelchair access, a flexible pull-out work surface, and efficient storage solutions like pull-out racks. The layout is optimized for navigation. Lighting (under-counter, integrated, shaded) is indicated, and materials like wood grain and metal textures are suggested through shading. A wheelchair user is subtly indicated in the foreground, using the sink for scale and context. Labels using graphite (e.g., 'VARIABLE HEIGHT COUNTER', 'PULL-DOWN SHELVES', 'ACCESSIBLE APPLIANCES') define key features. The composition clearly details all functions within a confined space. No color.""",4.45
a1d68f67-6f69-4eca-8e1a-7d5c15248124,2026-03-29T02:03:18.332187,a1d68f67-6f69-4eca-8e1a-7d5c15248124.jpg,"Please sketch a professional-grade stand mixer—similar to the one in the provided image—from two different viewpoints. For each viewpoint, provide two distinct versions: a 'concept view' that retains all your initial construction lines, perspective grids, center axes, and exploratory strokes, and a polished 'presentation view' that uses clean, confident contour lines with all underlying construction hidden. You should deliver a total of four sketches that clearly show your underlying structural thinking right next to the final, clean presentation.",3.57
f338458e-c12e-4ef2-aae1-b3c97bc14610,2026-03-29T02:08:34.828114,f338458e-c12e-4ef2-aae1-b3c97bc14610.jpg,"Please sketch a computer mouse—featuring an ergonomic, contoured body with distinct buttons and a scroll wheel—from two different viewpoints. For each viewpoint, provide two distinct versions: a 'concept view' that retains all your initial perspective scaffolding, center axes, and internal construction ellipses, and a polished 'presentation view' that uses clean, confident contour lines with all underlying construction hidden. You should deliver a total of four sketches that clearly show your underlying structural thinking right next to the final, clean presentation.",3.05
2da1cfd6-30c0-4ef2-a5d8-7a0be8c6b193,2026-03-29T02:10:55.142846,2da1cfd6-30c0-4ef2-a5d8-7a0be8c6b193.jpg,"Please sketch a hairdryer—featuring a main cylindrical body intersecting with an angled handle—from two different viewpoints. For each viewpoint, provide two distinct versions: a 'concept view' that retains all your initial perspective scaffolding, bounding boxes, center axes, and internal intersecting ellipses, and a polished 'presentation view' that uses clean, confident contour lines with all underlying construction hidden. You should deliver a total of four sketches that clearly show your underlying structural thinking right next to the final, clean presentation.",3.43
e019addb-c3d0-41a9-a30a-9d02d2590e45,2026-03-29T16:57:38.334134,e019addb-c3d0-41a9-a30a-9d02d2590e45.jpg,"Please sketch a hairdryer—featuring a main cylindrical body intersecting with an angled handle—from two different viewpoints. For each viewpoint, provide two distinct versions: a 'concept view' that retains all your initial perspective scaffolding, bounding boxes, center axes, and internal intersecting ellipses, and a polished 'presentation view' that uses clean, confident contour lines with all underlying construction hidden. You should deliver a total of four sketches that clearly show your underlying structural thinking right next to the final, clean presentation.",3.22
506862f7-16c2-4d06-ac02-b6abc3abb76c,2026-03-29T17:06:27.538845,506862f7-16c2-4d06-ac02-b6abc3abb76c.jpg,"Please sketch a hairdryer—featuring a main cylindrical body intersecting with an angled handle—from two different viewpoints. For each viewpoint, provide two distinct versions: a 'concept view' that retains all your initial perspective scaffolding, bounding boxes, center axes, and internal intersecting ellipses, and a polished 'presentation view' that uses clean, confident contour lines with all underlying construction hidden. You should deliver a total of four sketches that clearly show your underlying structural thinking right next to the final, clean presentation.",3.03
ddb616bd-8898-4ba5-90ed-7d2fa5f30aea,2026-03-29T17:17:14.104536,ddb616bd-8898-4ba5-90ed-7d2fa5f30aea.jpg,"Please sketch a hairdryer—featuring a main cylindrical body intersecting with an angled handle—from two different viewpoints. For each viewpoint, provide two distinct versions: a 'concept view' that retains all your initial perspective scaffolding, bounding boxes, center axes, and internal intersecting ellipses, and a polished 'presentation view' that uses clean, confident contour lines with all underlying construction hidden. You should deliver a total of four sketches that clearly show your underlying structural thinking right next to the final, clean presentation.",2.93
53c45be5-6962-49e5-b473-ee1854d02d66,2026-03-30T14:13:23.819893,53c45be5-6962-49e5-b473-ee1854d02d66.jpg,"Please sketch a modern cylinder vacuum cleaner—featuring a rounded, compact body with prominent rear wheels, a top handle, an integrated controls panel, a flexible hose connection, and a telescopic wand leading to a floor head—from two different viewpoints. For each viewpoint, provide two distinct versions: a 'concept view' that retains all your initial perspective scaffolding, center axes, bounding boxes, intersecting ellipses, and internal cross-sectional lines, and a polished 'presentation view' that uses clean, confident contour lines with all underlying construction hidden. You should deliver a total of four sketches that clearly show your underlying structural thinking right next to the final, clean presentation.",3.87
17952160-84a2-44d9-a339-2f25fa75fcd0,2026-03-30T14:21:15.149786,17952160-84a2-44d9-a339-2f25fa75fcd0.jpg,"Please sketch a modern cylinder vacuum cleaner—featuring a rounded, compact body with prominent rear wheels, a top handle, an integrated controls panel, a flexible hose connection, and a telescopic wand leading to a floor head—from two different viewpoints. For each viewpoint, provide two distinct versions: a 'concept view' that retains all your initial perspective scaffolding, center axes, bounding boxes, intersecting ellipses, and internal cross-sectional lines, and a polished 'presentation view' that uses clean, confident contour lines with all underlying construction hidden. You should deliver a total of four sketches that clearly show your underlying structural thinking right next to the final, clean presentation.",3.8
d709bbe6-5fa9-4fa9-bd28-6f91df8d8e5c,2026-03-30T14:30:39.060231,d709bbe6-5fa9-4fa9-bd28-6f91df8d8e5c.jpg,"Please sketch a professional-grade stand mixer—similar to the one in the provided image—from two different viewpoints. For each viewpoint, provide two distinct versions: a 'concept view' that retains all your initial construction lines, perspective grids, center axes, and exploratory strokes, and a polished 'presentation view' that uses clean, confident contour lines with all underlying construction hidden. You should deliver a total of four sketches that clearly show your underlying structural thinking right next to the final, clean presentation.",2.9
d76b3202-84b4-4181-af84-5d7ecfee047c,2026-03-30T14:37:36.059372,d76b3202-84b4-4181-af84-5d7ecfee047c.jpg,"Please sketch a hairdryer—featuring a main cylindrical body intersecting with an angled handle—from two different viewpoints. For each viewpoint, provide two distinct versions: a 'concept view' that retains all your initial perspective scaffolding, bounding boxes, center axes, and internal intersecting ellipses, and a polished 'presentation view' that uses clean, confident contour lines with all underlying construction hidden. You should deliver a total of four sketches that clearly show your underlying structural thinking right next to the final, clean presentation.",3.23
829004fb-8044-4bd4-86bd-d22955bca0cd,2026-03-30T16:54:54.099776,829004fb-8044-4bd4-86bd-d22955bca0cd.jpg,"Please sketch a simple 3D object with a bumpy surface from two different viewpoints. For each viewpoint, provide two distinct versions: a 'concept view' that retains all your initial construction lines, scaffolding, and cross-sectional exploration, and a polished 'presentation view' that uses clean, confident contour lines with all underlying construction hidden. You should deliver a total of four sketches that clearly show your underlying structural thinking right next to the final, clean presentation.",3.35,Jalal Ameerzai
